Instagram Handle,First Name,Last Name,Affiliate Code,Referral Link
@lihle.ngcethane,Lihle,Ngcethane,AY-LIH-B74336,https://www.ayooshonline.com/products?ref=AY-LIH-B74336
@esona.vinqishe,Esona,Vinqishe,AY-ESO-1A8B73,https://www.ayooshonline.com/products?ref=AY-ESO-1A8B73
@onkarabile_kgomo,Onkarabile,Kgomo,AY-ONK-A12808,https://www.ayooshonline.com/products?ref=AY-ONK-A12808
@amanda.majola,Amanda,Majola,AY-AMA-AE8C82,https://www.ayooshonline.com/products?ref=AY-AMA-AE8C82
@tylerpaigenefdt_,Tyler-Paige,Nefdt,AY-TYL-24A6F1,https://www.ayooshonline.com/products?ref=AY-TYL-24A6F1
@healthylivingwithdaniella,Daniella,Lagerwey,AY-DAN-6F194B,https://www.ayooshonline.com/products?ref=AY-DAN-6F194B
@nathaniel_mpofu,Nathaniel,Mpofu,AY-NATH-0AF4F7,https://www.ayooshonline.com/products?ref=AY-NATH-0AF4F7
@karabo_kza,Karabo,Kza,AY-KARA-D5911F,https://www.ayooshonline.com/products?ref=AY-KARA-D5911F
@jus.lihle,Jus,Lihle,AY-JUSL-9446E6,https://www.ayooshonline.com/products?ref=AY-JUSL-9446E6
@ashleygrupping,Ashley,Grupping,AY-ASHL-30542B,https://www.ayooshonline.com/products?ref=AY-ASHL-30542B
@brownn.skinned,Brownn,Skinned,AY-BROW-C16509,https://www.ayooshonline.com/products?ref=AY-BROW-C16509
@melis_heyns,Melis,Heyns,AY-MELI-3B3E32,https://www.ayooshonline.com/products?ref=AY-MELI-3B3E32
@the_good_gut_guru,The,GoodGutGuru,AY-THEG-342470,https://www.ayooshonline.com/products?ref=AY-THEG-342470
@julipoeli_official,Juli,Poeli,AY-JULI-B5F2F1,https://www.ayooshonline.com/products?ref=AY-JULI-B5F2F1
@sayla.thompson,Sayla,Thompson,AY-SAYL-D7CF8E,https://www.ayooshonline.com/products?ref=AY-SAYL-D7CF8E
@justsim,Just,Sim,AY-JUST-6B55E9,https://www.ayooshonline.com/products?ref=AY-JUST-6B55E9
@bianca_rentzke,Bianca,Rentzke,AY-BIAN-DAA5DC,https://www.ayooshonline.com/products?ref=AY-BIAN-DAA5DC
@owethu_ngobese,Owethu,Ngobese,AY-OWET-700281,https://www.ayooshonline.com/products?ref=AY-OWET-700281
@storm.hannam,Storm,Hannam,AY-STOR-E6C8E5,https://www.ayooshonline.com/products?ref=AY-STOR-E6C8E5
@agirlnamedcassidy,Cassidy,AGirlNamed,AY-AGIR-7E916A,https://www.ayooshonline.com/products?ref=AY-AGIR-7E916A
@lexaraegorlei,Lexa,Raegorlei,AY-LEXA-D65BF7,https://www.ayooshonline.com/products?ref=AY-LEXA-D65BF7
@oratilemororo,Oratile,Mororo,AY-ORAT-0607E1,https://www.ayooshonline.com/products?ref=AY-ORAT-0607E1
@xoxavier,Xavier,Xo,AY-XOXA-0327EE,https://www.ayooshonline.com/products?ref=AY-XOXA-0327EE
@kylaamy,Kyla,Amy,AY-KYLA-728B45,https://www.ayooshonline.com/products?ref=AY-KYLA-728B45
@calistastylista,Calista,Stylista,AY-CALI-920918,https://www.ayooshonline.com/products?ref=AY-CALI-920918
@talisha.grobler,Talisha,Grobler,AY-TALI-0DD2EF,https://www.ayooshonline.com/products?ref=AY-TALI-0DD2EF
@chey_gooderson,Chey,Gooderson,AY-CHEY-639472,https://www.ayooshonline.com/products?ref=AY-CHEY-639472
@mila_goussard,Mila,Goussard,AY-MILA-BB3399,https://www.ayooshonline.com/products?ref=AY-MILA-BB3399
@king_collette,Collette,King,AY-KING-853967,https://www.ayooshonline.com/products?ref=AY-KING-853967
@flawlessmakeup_by_donique,Donique,Flawless,AY-FLAW-2D5880,https://www.ayooshonline.com/products?ref=AY-FLAW-2D5880
@thedurbanmakeupartist,Durban,MakeupArtist,AY-THED-159B9E,https://www.ayooshonline.com/products?ref=AY-THED-159B9E
@gwendalyn_huang,Gwendalyn,Huang,AY-GWEN-E2C587,https://www.ayooshonline.com/products?ref=AY-GWEN-E2C587
@yourdesigner.yvndz,Yvndz,YourDesigner,AY-YOUR-C73686,https://www.ayooshonline.com/products?ref=AY-YOUR-C73686
@theskinfairy_nin,Nin,TheSkinFairy,AY-THES-5543E6,https://www.ayooshonline.com/products?ref=AY-THES-5543E6
@done_menezes__gous,Done,MenezesGous,AY-DONE-BC7ADB,https://www.ayooshonline.com/products?ref=AY-DONE-BC7ADB
@ashh_cliff,Ash,Cliff,AY-ASHH-A4B5A8,https://www.ayooshonline.com/products?ref=AY-ASHH-A4B5A8
@kirsty.smit_,Kirsty,Smit,AY-KIRS-4092D4,https://www.ayooshonline.com/products?ref=AY-KIRS-4092D4
@k_malatsi,K,Malatsi,AY-KMAL-19E150,https://www.ayooshonline.com/products?ref=AY-KMAL-19E150
@kgosi_i,Kgosi,I,AY-KGOS-35841E,https://www.ayooshonline.com/products?ref=AY-KGOS-35841E
@k.okeletsoo,K,Okeletsoo,AY-KOKE-9222F1,https://www.ayooshonline.com/products?ref=AY-KOKE-9222F1
@keamogetswe_eee,Keamogetswe,Eee,AY-KEAM-8A982B,https://www.ayooshonline.com/products?ref=AY-KEAM-8A982B
@mpumemsomi,Mpume,Msomi,AY-MPUM-0A6048,https://www.ayooshonline.com/products?ref=AY-MPUM-0A6048
@saffatash,Saffa,Tash,AY-SAFF-C3DFCF,https://www.ayooshonline.com/products?ref=AY-SAFF-C3DFCF
@zecktello_,Zecktello,Influencer,AY-ZECK-EE93C0,https://www.ayooshonline.com/products?ref=AY-ZECK-EE93C0
@mamello__ponoane,Mamello,Ponoane,AY-MAME-03B373,https://www.ayooshonline.com/products?ref=AY-MAME-03B373
@trentrowe,Trent,Rowe,AY-TREN-3A2C4A,https://www.ayooshonline.com/products?ref=AY-TREN-3A2C4A
@mosalakaem,Mosala,Kaem,AY-MOSA-55F733,https://www.ayooshonline.com/products?ref=AY-MOSA-55F733
@sylvia_visagie,Sylvia,Visagie,AY-SYLV-6554B5,https://www.ayooshonline.com/products?ref=AY-SYLV-6554B5
